Card_ID,Name,Faction,Type,Points,Health,Level,Speed,March_Speed,Image_File,Notes
AL100,Unit AL100,Allies,I,10,1,1,4,2,AL100.jpg,Auto-generated - requires manual data entry
AL101,Unit AL101,Allies,I,10,1,1,4,2,AL101.jpg,Auto-generated - requires manual data entry
AL104,Unit AL104,Allies,I,10,1,1,4,2,AL104.jpg,Auto-generated - requires manual data entry
AL105,Unit AL105,Allies,I,10,1,1,4,2,AL105.jpg,Auto-generated - requires manual data entry
AL106,Unit AL106,Allies,I,10,1,1,4,2,AL106.jpg,Auto-generated - requires manual data entry
AL107,Unit AL107,Allies,I,10,1,1,4,2,AL107.jpg,Auto-generated - requires manual data entry
AL108,Unit AL108,Allies,I,10,1,1,4,2,AL108.jpg,Auto-generated - requires manual data entry
AL109,Unit AL109,Allies,I,10,1,1,4,2,AL109.jpg,Auto-generated - requires manual data entry
AL110,Unit AL110,Allies,I,10,1,1,4,2,AL110.jpg,Auto-generated - requires manual data entry
AL111,Unit AL111,Allies,I,10,1,1,4,2,AL111.jpg,Auto-generated - requires manual data entry
AL112,Unit AL112,Allies,I,10,1,1,4,2,AL112.jpg,Auto-generated - requires manual data entry
AL113,Unit AL113,Allies,I,10,1,1,4,2,AL113.jpg,Auto-generated - requires manual data entry
AL114,Unit AL114,Allies,I,10,1,1,4,2,AL114.jpg,Auto-generated - requires manual data entry
AL115,Unit AL115,Allies,I,10,1,1,4,2,AL115.jpg,Auto-generated - requires manual data entry
AL130,Unit AL130,Allies,I,10,1,1,4,2,AL130.jpg,Auto-generated - requires manual data entry
AL131,Unit AL131,Allies,I,10,1,1,4,2,AL131.jpg,Auto-generated - requires manual data entry
AL132,Unit AL132,Allies,I,10,1,1,4,2,AL132.jpg,Auto-generated - requires manual data entry
AL133,Unit AL133,Allies,I,10,1,1,4,2,AL133.jpg,Auto-generated - requires manual data entry
AL134,Unit AL134,Allies,I,10,1,1,4,2,AL134.jpg,Auto-generated - requires manual data entry
AL135,Unit AL135,Allies,I,10,1,1,4,2,AL135.jpg,Auto-generated - requires manual data entry
AL136,Unit AL136,Allies,I,10,1,1,4,2,AL136.jpg,Auto-generated - requires manual data entry
AL137,Unit AL137,Allies,I,10,1,1,4,2,AL137.jpg,Auto-generated - requires manual data entry
AL138,Unit AL138,Allies,I,10,1,1,4,2,AL138.jpg,Auto-generated - requires manual data entry
AL139,Unit AL139,Allies,I,10,1,1,4,2,AL139.jpg,Auto-generated - requires manual data entry
AL140,Unit AL140,Allies,I,10,1,1,4,2,AL140.jpg,Auto-generated - requires manual data entry
AL141,Unit AL141,Allies,I,10,1,1,4,2,AL141.jpg,Auto-generated - requires manual data entry
AL142,Unit AL142,Allies,I,10,1,1,4,2,AL142.jpg,Auto-generated - requires manual data entry
AL143,Unit AL143,Allies,I,10,1,1,4,2,AL143.jpg,Auto-generated - requires manual data entry
AL200,Unit AL200,Allies,I,10,1,1,4,2,AL200.jpg,Auto-generated - requires manual data entry
AL201,Unit AL201,Allies,I,10,1,1,4,2,AL201.jpg,Auto-generated - requires manual data entry
AL202,Unit AL202,Allies,I,10,1,1,4,2,AL202.jpg,Auto-generated - requires manual data entry
AL203,Unit AL203,Allies,I,10,1,1,4,2,AL203.jpg,Auto-generated - requires manual data entry
AL204,Unit AL204,Allies,I,10,1,1,4,2,AL204.jpg,Auto-generated - requires manual data entry
AL205,Unit AL205,Allies,I,10,1,1,4,2,AL205.jpg,Auto-generated - requires manual data entry
AL230,Unit AL230,Allies,I,10,1,1,4,2,AL230.jpg,Auto-generated - requires manual data entry
AL231,Unit AL231,Allies,I,10,1,1,4,2,AL231.jpg,Auto-generated - requires manual data entry
AL232,Unit AL232,Allies,I,10,1,1,4,2,AL232.jpg,Auto-generated - requires manual data entry
AL233,Unit AL233,Allies,I,10,1,1,4,2,AL233.jpg,Auto-generated - requires manual data entry
AL234,Unit AL234,Allies,I,10,1,1,4,2,AL234.jpg,Auto-generated - requires manual data entry
AL235,Unit AL235,Allies,I,10,1,1,4,2,AL235.jpg,Auto-generated - requires manual data entry
AL236,Unit AL236,Allies,I,10,1,1,4,2,AL236.jpg,Auto-generated - requires manual data entry
AL237,Unit AL237,Allies,I,10,1,1,4,2,AL237.jpg,Auto-generated - requires manual data entry
AL238,Unit AL238,Allies,I,10,1,1,4,2,AL238.jpg,Auto-generated - requires manual data entry
AL239,Unit AL239,Allies,I,10,1,1,4,2,AL239.jpg,Auto-generated - requires manual data entry
AL240,Unit AL240,Allies,I,10,1,1,4,2,AL240.jpg,Auto-generated - requires manual data entry
AL241,Unit AL241,Allies,I,10,1,1,4,2,AL241.jpg,Auto-generated - requires manual data entry
AL242,Unit AL242,Allies,I,10,1,1,4,2,AL242.jpg,Auto-generated - requires manual data entry
AL243,Unit AL243,Allies,I,10,1,1,4,2,AL243.jpg,Auto-generated - requires manual data entry
AL300,Unit AL300,Allies,I,10,1,1,4,2,AL300.jpg,Auto-generated - requires manual data entry
AL301,Unit AL301,Allies,I,10,1,1,4,2,AL301.jpg,Auto-generated - requires manual data entry
AL302,Unit AL302,Allies,I,10,1,1,4,2,AL302.jpg,Auto-generated - requires manual data entry
AL330,Unit AL330,Allies,I,10,1,1,4,2,AL330.jpg,Auto-generated - requires manual data entry
AL331,Unit AL331,Allies,I,10,1,1,4,2,AL331.jpg,Auto-generated - requires manual data entry
AL400,Unit AL400,Allies,I,10,1,1,4,2,AL400.jpg,Auto-generated - requires manual data entry
AL402,Unit AL402,Allies,I,10,1,1,4,2,AL402.jpg,Auto-generated - requires manual data entry
AL403,Unit AL403,Allies,I,10,1,1,4,2,AL403.jpg,Auto-generated - requires manual data entry
AL430,Unit AL430,Allies,I,10,1,1,4,2,AL430.jpg,Auto-generated - requires manual data entry
AL431,Unit AL431,Allies,I,10,1,1,4,2,AL431.jpg,Auto-generated - requires manual data entry
AL432,Unit AL432,Allies,I,10,1,1,4,2,AL432.jpg,Auto-generated - requires manual data entry
AL433,Unit AL433,Allies,I,10,1,1,4,2,AL433.jpg,Auto-generated - requires manual data entry
AL434,Unit AL434,Allies,I,10,1,1,4,2,AL434.jpg,Auto-generated - requires manual data entry
AL435,Unit AL435,Allies,I,10,1,1,4,2,AL435.jpg,Auto-generated - requires manual data entry
AL700,Unit AL700,Allies,I,10,1,1,4,2,AL700.jpg,Auto-generated - requires manual data entry
AL701,Unit AL701,Allies,I,10,1,1,4,2,AL701.jpg,Auto-generated - requires manual data entry
AL702,Unit AL702,Allies,I,10,1,1,4,2,AL702.jpg,Auto-generated - requires manual data entry
AL703,Unit AL703,Allies,I,10,1,1,4,2,AL703.jpg,Auto-generated - requires manual data entry
AL704,Unit AL704,Allies,I,10,1,1,4,2,AL704.jpg,Auto-generated - requires manual data entry
AL705,Unit AL705,Allies,I,10,1,1,4,2,AL705.jpg,Auto-generated - requires manual data entry
AL706,Unit AL706,Allies,I,10,1,1,4,2,AL706.jpg,Auto-generated - requires manual data entry
AL707,Unit AL707,Allies,I,10,1,1,4,2,AL707.jpg,Auto-generated - requires manual data entry
AL708,Unit AL708,Allies,I,10,1,1,4,2,AL708.jpg,Auto-generated - requires manual data entry
AL709,Unit AL709,Allies,I,10,1,1,4,2,AL709.jpg,Auto-generated - requires manual data entry
AL710,Unit AL710,Allies,I,10,1,1,4,2,AL710.jpg,Auto-generated - requires manual data entry
AL711,Unit AL711,Allies,I,10,1,1,4,2,AL711.jpg,Auto-generated - requires manual data entry
AL712,Unit AL712,Allies,I,10,1,1,4,2,AL712.jpg,Auto-generated - requires manual data entry
AL713,Unit AL713,Allies,I,10,1,1,4,2,AL713.jpg,Auto-generated - requires manual data entry
AL714,Unit AL714,Allies,I,10,1,1,4,2,AL714.jpg,Auto-generated - requires manual data entry
AL715,Unit AL715,Allies,I,10,1,1,4,2,AL715.jpg,Auto-generated - requires manual data entry
AL716,Unit AL716,Allies,I,10,1,1,4,2,AL716.jpg,Auto-generated - requires manual data entry
AL717,Unit AL717,Allies,I,10,1,1,4,2,AL717.jpg,Auto-generated - requires manual data entry
AL718,Unit AL718,Allies,I,10,1,1,4,2,AL718.jpg,Auto-generated - requires manual data entry
AL719,Unit AL719,Allies,I,10,1,1,4,2,AL719.jpg,Auto-generated - requires manual data entry
AL720,Unit AL720,Allies,I,10,1,1,4,2,AL720.jpg,Auto-generated - requires manual data entry
AL721,Unit AL721,Allies,I,10,1,1,4,2,AL721.jpg,Auto-generated - requires manual data entry
AL722,Unit AL722,Allies,I,10,1,1,4,2,AL722.jpg,Auto-generated - requires manual data entry
AL723,Unit AL723,Allies,I,10,1,1,4,2,AL723.jpg,Auto-generated - requires manual data entry
AL724,Unit AL724,Allies,I,10,1,1,4,2,AL724.jpg,Auto-generated - requires manual data entry
AL725,Unit AL725,Allies,I,10,1,1,4,2,AL725.jpg,Auto-generated - requires manual data entry
AL800,Unit AL800,Allies,I,10,1,1,4,2,AL800.jpg,Auto-generated - requires manual data entry
AL801,Unit AL801,Allies,I,10,1,1,4,2,AL801.jpg,Auto-generated - requires manual data entry
AL802,Unit AL802,Allies,I,10,1,1,4,2,AL802.jpg,Auto-generated - requires manual data entry
AL803,Unit AL803,Allies,I,10,1,1,4,2,AL803.jpg,Auto-generated - requires manual data entry
AL804,Unit AL804,Allies,I,10,1,1,4,2,AL804.jpg,Auto-generated - requires manual data entry
AL805,Unit AL805,Allies,I,10,1,1,4,2,AL805.jpg,Auto-generated - requires manual data entry
AL806,Unit AL806,Allies,I,10,1,1,4,2,AL806.jpg,Auto-generated - requires manual data entry
AL807,Unit AL807,Allies,I,10,1,1,4,2,AL807.jpg,Auto-generated - requires manual data entry
AL808,Unit AL808,Allies,I,10,1,1,4,2,AL808.jpg,Auto-generated - requires manual data entry
AL809,Unit AL809,Allies,I,10,1,1,4,2,AL809.jpg,Auto-generated - requires manual data entry
AL810,Unit AL810,Allies,I,10,1,1,4,2,AL810.jpg,Auto-generated - requires manual data entry
AL811,Unit AL811,Allies,I,10,1,1,4,2,AL811.jpg,Auto-generated - requires manual data entry
AL812,Unit AL812,Allies,I,10,1,1,4,2,AL812.jpg,Auto-generated - requires manual data entry
AL813,Unit AL813,Allies,I,10,1,1,4,2,AL813.jpg,Auto-generated - requires manual data entry
AL900,Unit AL900,Allies,I,10,1,1,4,2,AL900.jpg,Auto-generated - requires manual data entry
AL901,Unit AL901,Allies,I,10,1,1,4,2,AL901.jpg,Auto-generated - requires manual data entry
AL902,Unit AL902,Allies,I,10,1,1,4,2,AL902.jpg,Auto-generated - requires manual data entry
AL903,Unit AL903,Allies,I,10,1,1,4,2,AL903.jpg,Auto-generated - requires manual data entry
AL904,Unit AL904,Allies,I,10,1,1,4,2,AL904.jpg,Auto-generated - requires manual data entry
AL905,Unit AL905,Allies,I,10,1,1,4,2,AL905.jpg,Auto-generated - requires manual data entry
AL906,Unit AL906,Allies,I,10,1,1,4,2,AL906.jpg,Auto-generated - requires manual data entry
AL911,Unit AL911,Allies,I,10,1,1,4,2,AL911.jpg,Auto-generated - requires manual data entry
AL912,Unit AL912,Allies,I,10,1,1,4,2,AL912.jpg,Auto-generated - requires manual data entry
AL913,Unit AL913,Allies,I,10,1,1,4,2,AL913.jpg,Auto-generated - requires manual data entry
AL914,Unit AL914,Allies,I,10,1,1,4,2,AL914.jpg,Auto-generated - requires manual data entry
AX100,Unit AX100,Axis,I,10,1,1,4,2,AX100.jpg,Auto-generated - requires manual data entry
AX101,Unit AX101,Axis,I,10,1,1,4,2,AX101.jpg,Auto-generated - requires manual data entry
AX102,Unit AX102,Axis,I,10,1,1,4,2,AX102.jpg,Auto-generated - requires manual data entry
AX103,Unit AX103,Axis,I,10,1,1,4,2,AX103.jpg,Auto-generated - requires manual data entry
AX104,Unit AX104,Axis,I,10,1,1,4,2,AX104.jpg,Auto-generated - requires manual data entry
AX130,Unit AX130,Axis,I,10,1,1,4,2,AX130.jpg,Auto-generated - requires manual data entry
AX131,Unit AX131,Axis,I,10,1,1,4,2,AX131.jpg,Auto-generated - requires manual data entry
AX132,Unit AX132,Axis,I,10,1,1,4,2,AX132.jpg,Auto-generated - requires manual data entry
AX133,Unit AX133,Axis,I,10,1,1,4,2,AX133.jpg,Auto-generated - requires manual data entry
AX134,Unit AX134,Axis,I,10,1,1,4,2,AX134.jpg,Auto-generated - requires manual data entry
AX135,Unit AX135,Axis,I,10,1,1,4,2,AX135.jpg,Auto-generated - requires manual data entry
AX136,Unit AX136,Axis,I,10,1,1,4,2,AX136.jpg,Auto-generated - requires manual data entry
AX137,Unit AX137,Axis,I,10,1,1,4,2,AX137.jpg,Auto-generated - requires manual data entry
AX138,Unit AX138,Axis,I,10,1,1,4,2,AX138.jpg,Auto-generated - requires manual data entry
AX139,Unit AX139,Axis,I,10,1,1,4,2,AX139.jpg,Auto-generated - requires manual data entry
AX140,Unit AX140,Axis,I,10,1,1,4,2,AX140.jpg,Auto-generated - requires manual data entry
AX141,Unit AX141,Axis,I,10,1,1,4,2,AX141.jpg,Auto-generated - requires manual data entry
AX200,Unit AX200,Axis,I,10,1,1,4,2,AX200.jpg,Auto-generated - requires manual data entry
AX201,Unit AX201,Axis,I,10,1,1,4,2,AX201.jpg,Auto-generated - requires manual data entry
AX203,Unit AX203,Axis,I,10,1,1,4,2,AX203.jpg,Auto-generated - requires manual data entry
AX204,Unit AX204,Axis,I,10,1,1,4,2,AX204.jpg,Auto-generated - requires manual data entry
AX206,Unit AX206,Axis,I,10,1,1,4,2,AX206.jpg,Auto-generated - requires manual data entry
AX207,Unit AX207,Axis,I,10,1,1,4,2,AX207.jpg,Auto-generated - requires manual data entry
AX208,Unit AX208,Axis,I,10,1,1,4,2,AX208.jpg,Auto-generated - requires manual data entry
AX209,Unit AX209,Axis,I,10,1,1,4,2,AX209.jpg,Auto-generated - requires manual data entry
AX210,Unit AX210,Axis,I,10,1,1,4,2,AX210.jpg,Auto-generated - requires manual data entry
AX211,Unit AX211,Axis,I,10,1,1,4,2,AX211.jpg,Auto-generated - requires manual data entry
AX212,Unit AX212,Axis,I,10,1,1,4,2,AX212.jpg,Auto-generated - requires manual data entry
AX213,Unit AX213,Axis,I,10,1,1,4,2,AX213.jpg,Auto-generated - requires manual data entry
AX214,Unit AX214,Axis,I,10,1,1,4,2,AX214.jpg,Auto-generated - requires manual data entry
AX222,Unit AX222,Axis,I,10,1,1,4,2,AX222.jpg,Auto-generated - requires manual data entry
AX230,Unit AX230,Axis,I,10,1,1,4,2,AX230.jpg,Auto-generated - requires manual data entry
AX231,Unit AX231,Axis,I,10,1,1,4,2,AX231.jpg,Auto-generated - requires manual data entry
AX232,Unit AX232,Axis,I,10,1,1,4,2,AX232.jpg,Auto-generated - requires manual data entry
AX233,Unit AX233,Axis,I,10,1,1,4,2,AX233.jpg,Auto-generated - requires manual data entry
AX234,Unit AX234,Axis,I,10,1,1,4,2,AX234.jpg,Auto-generated - requires manual data entry
AX235,Unit AX235,Axis,I,10,1,1,4,2,AX235.jpg,Auto-generated - requires manual data entry
AX236,Unit AX236,Axis,I,10,1,1,4,2,AX236.jpg,Auto-generated - requires manual data entry
AX237,Unit AX237,Axis,I,10,1,1,4,2,AX237.jpg,Auto-generated - requires manual data entry
AX238,Unit AX238,Axis,I,10,1,1,4,2,AX238.jpg,Auto-generated - requires manual data entry
AX239,Unit AX239,Axis,I,10,1,1,4,2,AX239.jpg,Auto-generated - requires manual data entry
AX240,Unit AX240,Axis,I,10,1,1,4,2,AX240.jpg,Auto-generated - requires manual data entry
AX300,Unit AX300,Axis,I,10,1,1,4,2,AX300.jpg,Auto-generated - requires manual data entry
AX301,Unit AX301,Axis,I,10,1,1,4,2,AX301.jpg,Auto-generated - requires manual data entry
AX303,Unit AX303,Axis,I,10,1,1,4,2,AX303.jpg,Auto-generated - requires manual data entry
AX330,Unit AX330,Axis,I,10,1,1,4,2,AX330.jpg,Auto-generated - requires manual data entry
AX331,Unit AX331,Axis,I,10,1,1,4,2,AX331.jpg,Auto-generated - requires manual data entry
AX332,Unit AX332,Axis,I,10,1,1,4,2,AX332.jpg,Auto-generated - requires manual data entry
AX333,Unit AX333,Axis,I,10,1,1,4,2,AX333.jpg,Auto-generated - requires manual data entry
AX334,Unit AX334,Axis,I,10,1,1,4,2,AX334.jpg,Auto-generated - requires manual data entry
AX335,Unit AX335,Axis,I,10,1,1,4,2,AX335.jpg,Auto-generated - requires manual data entry
AX336,Unit AX336,Axis,I,10,1,1,4,2,AX336.jpg,Auto-generated - requires manual data entry
AX400,Unit AX400,Axis,I,10,1,1,4,2,AX400.jpg,Auto-generated - requires manual data entry
AX402,Unit AX402,Axis,I,10,1,1,4,2,AX402.jpg,Auto-generated - requires manual data entry
AX403,Unit AX403,Axis,I,10,1,1,4,2,AX403.jpg,Auto-generated - requires manual data entry
AX404,Unit AX404,Axis,I,10,1,1,4,2,AX404.jpg,Auto-generated - requires manual data entry
AX405,Unit AX405,Axis,I,10,1,1,4,2,AX405.jpg,Auto-generated - requires manual data entry
AX406,Unit AX406,Axis,I,10,1,1,4,2,AX406.jpg,Auto-generated - requires manual data entry
AX407,Unit AX407,Axis,I,10,1,1,4,2,AX407.jpg,Auto-generated - requires manual data entry
AX408,Unit AX408,Axis,I,10,1,1,4,2,AX408.jpg,Auto-generated - requires manual data entry
AX411,Unit AX411,Axis,I,10,1,1,4,2,AX411.jpg,Auto-generated - requires manual data entry
AX430,Unit AX430,Axis,I,10,1,1,4,2,AX430.jpg,Auto-generated - requires manual data entry
AX431,Unit AX431,Axis,I,10,1,1,4,2,AX431.jpg,Auto-generated - requires manual data entry
AX432,Unit AX432,Axis,I,10,1,1,4,2,AX432.jpg,Auto-generated - requires manual data entry
AX433,Unit AX433,Axis,I,10,1,1,4,2,AX433.jpg,Auto-generated - requires manual data entry
AX434,Unit AX434,Axis,I,10,1,1,4,2,AX434.jpg,Auto-generated - requires manual data entry
AX435,Unit AX435,Axis,I,10,1,1,4,2,AX435.jpg,Auto-generated - requires manual data entry
AX436,Unit AX436,Axis,I,10,1,1,4,2,AX436.jpg,Auto-generated - requires manual data entry
AX437,Unit AX437,Axis,I,10,1,1,4,2,AX437.jpg,Auto-generated - requires manual data entry
AX438,Unit AX438,Axis,I,10,1,1,4,2,AX438.jpg,Auto-generated - requires manual data entry
AX439,Unit AX439,Axis,I,10,1,1,4,2,AX439.jpg,Auto-generated - requires manual data entry
AX440,Unit AX440,Axis,I,10,1,1,4,2,AX440.jpg,Auto-generated - requires manual data entry
AX441,Unit AX441,Axis,I,10,1,1,4,2,AX441.jpg,Auto-generated - requires manual data entry
AX442,Unit AX442,Axis,I,10,1,1,4,2,AX442.jpg,Auto-generated - requires manual data entry
AX443,Unit AX443,Axis,I,10,1,1,4,2,AX443.jpg,Auto-generated - requires manual data entry
AX500,Unit AX500,Axis,I,10,1,1,4,2,AX500.jpg,Auto-generated - requires manual data entry
AX602,Unit AX602,Axis,I,10,1,1,4,2,AX602.jpg,Auto-generated - requires manual data entry
AX603,Unit AX603,Axis,I,10,1,1,4,2,AX603.jpg,Auto-generated - requires manual data entry
AX604,Unit AX604,Axis,I,10,1,1,4,2,AX604.jpg,Auto-generated - requires manual data entry
AX605,Unit AX605,Axis,I,10,1,1,4,2,AX605.jpg,Auto-generated - requires manual data entry
AX610,Unit AX610,Axis,I,10,1,1,4,2,AX610.jpg,Auto-generated - requires manual data entry
AX611,Unit AX611,Axis,I,10,1,1,4,2,AX611.jpg,Auto-generated - requires manual data entry
AX700,Unit AX700,Axis,I,10,1,1,4,2,AX700.jpg,Auto-generated - requires manual data entry
AX701,Unit AX701,Axis,I,10,1,1,4,2,AX701.jpg,Auto-generated - requires manual data entry
AX702,Unit AX702,Axis,I,10,1,1,4,2,AX702.jpg,Auto-generated - requires manual data entry
AX703,Unit AX703,Axis,I,10,1,1,4,2,AX703.jpg,Auto-generated - requires manual data entry
AX704,Unit AX704,Axis,I,10,1,1,4,2,AX704.jpg,Auto-generated - requires manual data entry
AX705,Unit AX705,Axis,I,10,1,1,4,2,AX705.jpg,Auto-generated - requires manual data entry
AX706,Unit AX706,Axis,I,10,1,1,4,2,AX706.jpg,Auto-generated - requires manual data entry
AX707,Unit AX707,Axis,I,10,1,1,4,2,AX707.jpg,Auto-generated - requires manual data entry
AX708,Unit AX708,Axis,I,10,1,1,4,2,AX708.jpg,Auto-generated - requires manual data entry
AX709,Unit AX709,Axis,I,10,1,1,4,2,AX709.jpg,Auto-generated - requires manual data entry
AX710,Unit AX710,Axis,I,10,1,1,4,2,AX710.jpg,Auto-generated - requires manual data entry
AX711,Unit AX711,Axis,I,10,1,1,4,2,AX711.jpg,Auto-generated - requires manual data entry
AX712,Unit AX712,Axis,I,10,1,1,4,2,AX712.jpg,Auto-generated - requires manual data entry
AX713,Unit AX713,Axis,I,10,1,1,4,2,AX713.jpg,Auto-generated - requires manual data entry
AX714,Unit AX714,Axis,I,10,1,1,4,2,AX714.jpg,Auto-generated - requires manual data entry
AX715,Unit AX715,Axis,I,10,1,1,4,2,AX715.jpg,Auto-generated - requires manual data entry
AX716,Unit AX716,Axis,I,10,1,1,4,2,AX716.jpg,Auto-generated - requires manual data entry
AX717,Unit AX717,Axis,I,10,1,1,4,2,AX717.jpg,Auto-generated - requires manual data entry
AX718,Unit AX718,Axis,I,10,1,1,4,2,AX718.jpg,Auto-generated - requires manual data entry
AX719,Unit AX719,Axis,I,10,1,1,4,2,AX719.jpg,Auto-generated - requires manual data entry
AX720,Unit AX720,Axis,I,10,1,1,4,2,AX720.jpg,Auto-generated - requires manual data entry
AX721,Unit AX721,Axis,I,10,1,1,4,2,AX721.jpg,Auto-generated - requires manual data entry
AX722,Unit AX722,Axis,I,10,1,1,4,2,AX722.jpg,Auto-generated - requires manual data entry
AX723,Unit AX723,Axis,I,10,1,1,4,2,AX723.jpg,Auto-generated - requires manual data entry
AX724,Unit AX724,Axis,I,10,1,1,4,2,AX724.jpg,Auto-generated - requires manual data entry
AX725,Unit AX725,Axis,I,10,1,1,4,2,AX725.jpg,Auto-generated - requires manual data entry
AX726,Unit AX726,Axis,I,10,1,1,4,2,AX726.jpg,Auto-generated - requires manual data entry
AX728,Unit AX728,Axis,I,10,1,1,4,2,AX728.jpg,Auto-generated - requires manual data entry
AX800,Unit AX800,Axis,I,10,1,1,4,2,AX800.jpg,Auto-generated - requires manual data entry
AX802,Unit AX802,Axis,I,10,1,1,4,2,AX802.jpg,Auto-generated - requires manual data entry
AX803,Unit AX803,Axis,I,10,1,1,4,2,AX803.jpg,Auto-generated - requires manual data entry
AX804,Unit AX804,Axis,I,10,1,1,4,2,AX804.jpg,Auto-generated - requires manual data entry
AX805,Unit AX805,Axis,I,10,1,1,4,2,AX805.jpg,Auto-generated - requires manual data entry
AX806,Unit AX806,Axis,I,10,1,1,4,2,AX806.jpg,Auto-generated - requires manual data entry
AX807,Unit AX807,Axis,I,10,1,1,4,2,AX807.jpg,Auto-generated - requires manual data entry
AX808,Unit AX808,Axis,I,10,1,1,4,2,AX808.jpg,Auto-generated - requires manual data entry
AX809,Unit AX809,Axis,I,10,1,1,4,2,AX809.jpg,Auto-generated - requires manual data entry
AX810,Unit AX810,Axis,I,10,1,1,4,2,AX810.jpg,Auto-generated - requires manual data entry
AX811,Unit AX811,Axis,I,10,1,1,4,2,AX811.jpg,Auto-generated - requires manual data entry
AX812,Unit AX812,Axis,I,10,1,1,4,2,AX812.jpg,Auto-generated - requires manual data entry
AX813,Unit AX813,Axis,I,10,1,1,4,2,AX813.jpg,Auto-generated - requires manual data entry
AX814,Unit AX814,Axis,I,10,1,1,4,2,AX814.jpg,Auto-generated - requires manual data entry
AX815,Unit AX815,Axis,I,10,1,1,4,2,AX815.jpg,Auto-generated - requires manual data entry
AX816,Unit AX816,Axis,I,10,1,1,4,2,AX816.jpg,Auto-generated - requires manual data entry
AX900,Unit AX900,Axis,I,10,1,1,4,2,AX900.jpg,Auto-generated - requires manual data entry
AX901,Unit AX901,Axis,I,10,1,1,4,2,AX901.jpg,Auto-generated - requires manual data entry
AX902,Unit AX902,Axis,I,10,1,1,4,2,AX902.jpg,Auto-generated - requires manual data entry
AX903,Unit AX903,Axis,I,10,1,1,4,2,AX903.jpg,Auto-generated - requires manual data entry
AX904,Unit AX904,Axis,I,10,1,1,4,2,AX904.jpg,Auto-generated - requires manual data entry
AX905,Unit AX905,Axis,I,10,1,1,4,2,AX905.jpg,Auto-generated - requires manual data entry
AX906,Unit AX906,Axis,I,10,1,1,4,2,AX906.jpg,Auto-generated - requires manual data entry
AX914,Unit AX914,Axis,I,10,1,1,4,2,AX914.jpg,Auto-generated - requires manual data entry
AX915,Unit AX915,Axis,I,10,1,1,4,2,AX915.jpg,Auto-generated - requires manual data entry
AX916,Unit AX916,Axis,I,10,1,1,4,2,AX916.jpg,Auto-generated - requires manual data entry
AX917,Unit AX917,Axis,I,10,1,1,4,2,AX917.jpg,Auto-generated - requires manual data entry
AX919,Unit AX919,Axis,I,10,1,1,4,2,AX919.jpg,Auto-generated - requires manual data entry
AX920,Unit AX920,Axis,I,10,1,1,4,2,AX920.jpg,Auto-generated - requires manual data entry
AX921,Unit AX921,Axis,I,10,1,1,4,2,AX921.jpg,Auto-generated - requires manual data entry
AX923,Unit AX923,Axis,I,10,1,1,4,2,AX923.jpg,Auto-generated - requires manual data entry
CT100,Unit CT100,Mythos,I,10,1,1,4,2,CT100.jpg,Auto-generated - requires manual data entry
CT101,Unit CT101,Mythos,I,10,1,1,4,2,CT101.jpg,Auto-generated - requires manual data entry
CT102,Unit CT102,Mythos,I,10,1,1,4,2,CT102.jpg,Auto-generated - requires manual data entry
CT103,Unit CT103,Mythos,I,10,1,1,4,2,CT103.jpg,Auto-generated - requires manual data entry
CT104,Unit CT104,Mythos,I,10,1,1,4,2,CT104.jpg,Auto-generated - requires manual data entry
CT105,Unit CT105,Mythos,I,10,1,1,4,2,CT105.jpg,Auto-generated - requires manual data entry
CT106,Unit CT106,Mythos,I,10,1,1,4,2,CT106.jpg,Auto-generated - requires manual data entry
CT107,Unit CT107,Mythos,I,10,1,1,4,2,CT107.jpg,Auto-generated - requires manual data entry
CT108,Unit CT108,Mythos,I,10,1,1,4,2,CT108.jpg,Auto-generated - requires manual data entry
CT109,Unit CT109,Mythos,I,10,1,1,4,2,CT109.jpg,Auto-generated - requires manual data entry
CT110,Unit CT110,Mythos,I,10,1,1,4,2,CT110.jpg,Auto-generated - requires manual data entry
CT111,Unit CT111,Mythos,I,10,1,1,4,2,CT111.jpg,Auto-generated - requires manual data entry
CT112,Unit CT112,Mythos,I,10,1,1,4,2,CT112.jpg,Auto-generated - requires manual data entry
CT113,Unit CT113,Mythos,I,10,1,1,4,2,CT113.jpg,Auto-generated - requires manual data entry
CT115,Unit CT115,Mythos,I,10,1,1,4,2,CT115.jpg,Auto-generated - requires manual data entry
CT117,Unit CT117,Mythos,I,10,1,1,4,2,CT117.jpg,Auto-generated - requires manual data entry
CT118,Unit CT118,Mythos,I,10,1,1,4,2,CT118.jpg,Auto-generated - requires manual data entry
CT900,Unit CT900,Mythos,I,10,1,1,4,2,CT900.jpg,Auto-generated - requires manual data entry
CT901,Unit CT901,Mythos,I,10,1,1,4,2,CT901.jpg,Auto-generated - requires manual data entry
CT902,Unit CT902,Mythos,I,10,1,1,4,2,CT902.jpg,Auto-generated - requires manual data entry
CT903,Unit CT903,Mythos,I,10,1,1,4,2,CT903.jpg,Auto-generated - requires manual data entry
CT904,Unit CT904,Mythos,I,10,1,1,4,2,CT904.jpg,Auto-generated - requires manual data entry
CT905,Unit CT905,Mythos,I,10,1,1,4,2,CT905.jpg,Auto-generated - requires manual data entry
DS038,Unit DS038,Mercenaries,I,10,1,1,4,2,DS038.jpg,Auto-generated - requires manual data entry
JP100,Unit JP100,IJN,I,10,1,1,4,2,JP100.jpg,Auto-generated - requires manual data entry
JP101,Unit JP101,IJN,I,10,1,1,4,2,JP101.jpg,Auto-generated - requires manual data entry
JP103,Unit JP103,IJN,I,10,1,1,4,2,JP103.jpg,Auto-generated - requires manual data entry
JP104,Unit JP104,IJN,I,10,1,1,4,2,JP104.jpg,Auto-generated - requires manual data entry
JP105,Unit JP105,IJN,I,10,1,1,4,2,JP105.jpg,Auto-generated - requires manual data entry
JP106,Unit JP106,IJN,I,10,1,1,4,2,JP106.jpg,Auto-generated - requires manual data entry
JP109,Unit JP109,IJN,I,10,1,1,4,2,JP109.jpg,Auto-generated - requires manual data entry
JP110,Unit JP110,IJN,I,10,1,1,4,2,JP110.jpg,Auto-generated - requires manual data entry
JP111,Unit JP111,IJN,I,10,1,1,4,2,JP111.jpg,Auto-generated - requires manual data entry
JP112,Unit JP112,IJN,I,10,1,1,4,2,JP112.jpg,Auto-generated - requires manual data entry
JP113,Unit JP113,IJN,I,10,1,1,4,2,JP113.jpg,Auto-generated - requires manual data entry
JP114,Unit JP114,IJN,I,10,1,1,4,2,JP114.jpg,Auto-generated - requires manual data entry
JP115,Unit JP115,IJN,I,10,1,1,4,2,JP115.jpg,Auto-generated - requires manual data entry
JP116,Unit JP116,IJN,I,10,1,1,4,2,JP116.jpg,Auto-generated - requires manual data entry
JP117,Unit JP117,IJN,I,10,1,1,4,2,JP117.jpg,Auto-generated - requires manual data entry
JP121,Unit JP121,IJN,I,10,1,1,4,2,JP121.jpg,Auto-generated - requires manual data entry
JP130,Unit JP130,IJN,I,10,1,1,4,2,JP130.jpg,Auto-generated - requires manual data entry
JP131,Unit JP131,IJN,I,10,1,1,4,2,JP131.jpg,Auto-generated - requires manual data entry
JP151,Unit JP151,IJN,I,10,1,1,4,2,JP151.jpg,Auto-generated - requires manual data entry
JP152,Unit JP152,IJN,I,10,1,1,4,2,JP152.jpg,Auto-generated - requires manual data entry
JP158,Unit JP158,IJN,I,10,1,1,4,2,JP158.jpg,Auto-generated - requires manual data entry
JP159,Unit JP159,IJN,I,10,1,1,4,2,JP159.jpg,Auto-generated - requires manual data entry
JP160,Unit JP160,IJN,I,10,1,1,4,2,JP160.jpg,Auto-generated - requires manual data entry
JP161,Unit JP161,IJN,I,10,1,1,4,2,JP161.jpg,Auto-generated - requires manual data entry
JP162,Unit JP162,IJN,I,10,1,1,4,2,JP162.jpg,Auto-generated - requires manual data entry
JP163,Unit JP163,IJN,I,10,1,1,4,2,JP163.jpg,Auto-generated - requires manual data entry
JP165,Unit JP165,IJN,I,10,1,1,4,2,JP165.jpg,Auto-generated - requires manual data entry
JP166,Unit JP166,IJN,I,10,1,1,4,2,JP166.jpg,Auto-generated - requires manual data entry
JP167,Unit JP167,IJN,I,10,1,1,4,2,JP167.jpg,Auto-generated - requires manual data entry
JP190,Unit JP190,IJN,I,10,1,1,4,2,JP190.jpg,Auto-generated - requires manual data entry
JP191,Unit JP191,IJN,I,10,1,1,4,2,JP191.jpg,Auto-generated - requires manual data entry
JP192,Unit JP192,IJN,I,10,1,1,4,2,JP192.jpg,Auto-generated - requires manual data entry
ME100,Unit ME100,Mercenaries,I,10,1,1,4,2,ME100.jpg,Auto-generated - requires manual data entry
ME101,Unit ME101,Mercenaries,I,10,1,1,4,2,ME101.jpg,Auto-generated - requires manual data entry
ME102,Unit ME102,Mercenaries,I,10,1,1,4,2,ME102.jpg,Auto-generated - requires manual data entry
ME103,Unit ME103,Mercenaries,I,10,1,1,4,2,ME103.jpg,Auto-generated - requires manual data entry
ME104,Unit ME104,Mercenaries,I,10,1,1,4,2,ME104.jpg,Auto-generated - requires manual data entry
ME105,Unit ME105,Mercenaries,I,10,1,1,4,2,ME105.jpg,Auto-generated - requires manual data entry
ME107,Unit ME107,Mercenaries,I,10,1,1,4,2,ME107.jpg,Auto-generated - requires manual data entry
ME109,Unit ME109,Mercenaries,I,10,1,1,4,2,ME109.jpg,Auto-generated - requires manual data entry
ME110,Unit ME110,Mercenaries,I,10,1,1,4,2,ME110.jpg,Auto-generated - requires manual data entry
ME114,Unit ME114,Mercenaries,I,10,1,1,4,2,ME114.jpg,Auto-generated - requires manual data entry
ME115,Unit ME115,Mercenaries,I,10,1,1,4,2,ME115.jpg,Auto-generated - requires manual data entry
ME130,Unit ME130,Mercenaries,I,10,1,1,4,2,ME130.jpg,Auto-generated - requires manual data entry
ME131,Unit ME131,Mercenaries,I,10,1,1,4,2,ME131.jpg,Auto-generated - requires manual data entry
ME132,Unit ME132,Mercenaries,I,10,1,1,4,2,ME132.jpg,Auto-generated - requires manual data entry
ME133,Unit ME133,Mercenaries,I,10,1,1,4,2,ME133.jpg,Auto-generated - requires manual data entry
ME134,Unit ME134,Mercenaries,I,10,1,1,4,2,ME134.jpg,Auto-generated - requires manual data entry
ME135,Unit ME135,Mercenaries,I,10,1,1,4,2,ME135.jpg,Auto-generated - requires manual data entry
ME136,Unit ME136,Mercenaries,I,10,1,1,4,2,ME136.jpg,Auto-generated - requires manual data entry
ME137,Unit ME137,Mercenaries,I,10,1,1,4,2,ME137.jpg,Auto-generated - requires manual data entry
ME138,Unit ME138,Mercenaries,I,10,1,1,4,2,ME138.jpg,Auto-generated - requires manual data entry
ME140,Unit ME140,Mercenaries,I,10,1,1,4,2,ME140.jpg,Auto-generated - requires manual data entry
ME141,Unit ME141,Mercenaries,I,10,1,1,4,2,ME141.jpg,Auto-generated - requires manual data entry
ME143,Unit ME143,Mercenaries,I,10,1,1,4,2,ME143.jpg,Auto-generated - requires manual data entry
ME144,Unit ME144,Mercenaries,I,10,1,1,4,2,ME144.jpg,Auto-generated - requires manual data entry
ME147,Unit ME147,Mercenaries,I,10,1,1,4,2,ME147.jpg,Auto-generated - requires manual data entry
ME148,Unit ME148,Mercenaries,I,10,1,1,4,2,ME148.jpg,Auto-generated - requires manual data entry
ME149,Unit ME149,Mercenaries,I,10,1,1,4,2,ME149.jpg,Auto-generated - requires manual data entry
ME555,Unit ME555,Mercenaries,I,10,1,1,4,2,ME555.jpg,Auto-generated - requires manual data entry
ME700,Unit ME700,Mercenaries,I,10,1,1,4,2,ME700.jpg,Auto-generated - requires manual data entry
ME702,Unit ME702,Mercenaries,I,10,1,1,4,2,ME702.jpg,Auto-generated - requires manual data entry
ME703,Unit ME703,Mercenaries,I,10,1,1,4,2,ME703.jpg,Auto-generated - requires manual data entry
ME704,Unit ME704,Mercenaries,I,10,1,1,4,2,ME704.jpg,Auto-generated - requires manual data entry
ME705,Unit ME705,Mercenaries,I,10,1,1,4,2,ME705.jpg,Auto-generated - requires manual data entry
ME707,Unit ME707,Mercenaries,I,10,1,1,4,2,ME707.jpg,Auto-generated - requires manual data entry
ME708,Unit ME708,Mercenaries,I,10,1,1,4,2,ME708.jpg,Auto-generated - requires manual data entry
ME709,Unit ME709,Mercenaries,I,10,1,1,4,2,ME709.jpg,Auto-generated - requires manual data entry
ME710,Unit ME710,Mercenaries,I,10,1,1,4,2,ME710.jpg,Auto-generated - requires manual data entry
ME712,Unit ME712,Mercenaries,I,10,1,1,4,2,ME712.jpg,Auto-generated - requires manual data entry
ME713,Unit ME713,Mercenaries,I,10,1,1,4,2,ME713.jpg,Auto-generated - requires manual data entry
ME900,Unit ME900,Mercenaries,I,10,1,1,4,2,ME900.jpg,Auto-generated - requires manual data entry
ME901,Unit ME901,Mercenaries,I,10,1,1,4,2,ME901.jpg,Auto-generated - requires manual data entry
ME914,Unit ME914,Mercenaries,I,10,1,1,4,2,ME914.jpg,Auto-generated - requires manual data entry
SU101,Unit SU101,SSU,I,10,1,1,4,2,SU101.jpg,Auto-generated - requires manual data entry
SU102,Unit SU102,SSU,I,10,1,1,4,2,SU102.jpg,Auto-generated - requires manual data entry
SU104,Unit SU104,SSU,I,10,1,1,4,2,SU104.jpg,Auto-generated - requires manual data entry
SU105,Unit SU105,SSU,I,10,1,1,4,2,SU105.jpg,Auto-generated - requires manual data entry
SU107,Unit SU107,SSU,I,10,1,1,4,2,SU107.jpg,Auto-generated - requires manual data entry
SU130,Unit SU130,SSU,I,10,1,1,4,2,SU130.jpg,Auto-generated - requires manual data entry
SU131,Unit SU131,SSU,I,10,1,1,4,2,SU131.jpg,Auto-generated - requires manual data entry
SU132,Unit SU132,SSU,I,10,1,1,4,2,SU132.jpg,Auto-generated - requires manual data entry
SU133,Unit SU133,SSU,I,10,1,1,4,2,SU133.jpg,Auto-generated - requires manual data entry
SU134,Unit SU134,SSU,I,10,1,1,4,2,SU134.jpg,Auto-generated - requires manual data entry
SU135,Unit SU135,SSU,I,10,1,1,4,2,SU135.jpg,Auto-generated - requires manual data entry
SU200,Unit SU200,SSU,I,10,1,1,4,2,SU200.jpg,Auto-generated - requires manual data entry
SU230,Unit SU230,SSU,I,10,1,1,4,2,SU230.jpg,Auto-generated - requires manual data entry
SU231,Unit SU231,SSU,I,10,1,1,4,2,SU231.jpg,Auto-generated - requires manual data entry
SU232,Unit SU232,SSU,I,10,1,1,4,2,SU232.jpg,Auto-generated - requires manual data entry
SU233,Unit SU233,SSU,I,10,1,1,4,2,SU233.jpg,Auto-generated - requires manual data entry
SU234,Unit SU234,SSU,I,10,1,1,4,2,SU234.jpg,Auto-generated - requires manual data entry
SU235,Unit SU235,SSU,I,10,1,1,4,2,SU235.jpg,Auto-generated - requires manual data entry
SU236,Unit SU236,SSU,I,10,1,1,4,2,SU236.jpg,Auto-generated - requires manual data entry
SU237,Unit SU237,SSU,I,10,1,1,4,2,SU237.jpg,Auto-generated - requires manual data entry
SU238,Unit SU238,SSU,I,10,1,1,4,2,SU238.jpg,Auto-generated - requires manual data entry
SU239,Unit SU239,SSU,I,10,1,1,4,2,SU239.jpg,Auto-generated - requires manual data entry
SU300,Unit SU300,SSU,I,10,1,1,4,2,SU300.jpg,Auto-generated - requires manual data entry
SU330,Unit SU330,SSU,I,10,1,1,4,2,SU330.jpg,Auto-generated - requires manual data entry
SU331,Unit SU331,SSU,I,10,1,1,4,2,SU331.jpg,Auto-generated - requires manual data entry
SU332,Unit SU332,SSU,I,10,1,1,4,2,SU332.jpg,Auto-generated - requires manual data entry
SU333,Unit SU333,SSU,I,10,1,1,4,2,SU333.jpg,Auto-generated - requires manual data entry
SU334,Unit SU334,SSU,I,10,1,1,4,2,SU334.jpg,Auto-generated - requires manual data entry
SU335,Unit SU335,SSU,I,10,1,1,4,2,SU335.jpg,Auto-generated - requires manual data entry
SU336,Unit SU336,SSU,I,10,1,1,4,2,SU336.jpg,Auto-generated - requires manual data entry
SU337,Unit SU337,SSU,I,10,1,1,4,2,SU337.jpg,Auto-generated - requires manual data entry
SU338,Unit SU338,SSU,I,10,1,1,4,2,SU338.jpg,Auto-generated - requires manual data entry
SU400,Unit SU400,SSU,I,10,1,1,4,2,SU400.jpg,Auto-generated - requires manual data entry
SU401,Unit SU401,SSU,I,10,1,1,4,2,SU401.jpg,Auto-generated - requires manual data entry
SU402,Unit SU402,SSU,I,10,1,1,4,2,SU402.jpg,Auto-generated - requires manual data entry
SU403,Unit SU403,SSU,I,10,1,1,4,2,SU403.jpg,Auto-generated - requires manual data entry
SU404,Unit SU404,SSU,I,10,1,1,4,2,SU404.jpg,Auto-generated - requires manual data entry
SU430,Unit SU430,SSU,I,10,1,1,4,2,SU430.jpg,Auto-generated - requires manual data entry
SU431,Unit SU431,SSU,I,10,1,1,4,2,SU431.jpg,Auto-generated - requires manual data entry
SU432,Unit SU432,SSU,I,10,1,1,4,2,SU432.jpg,Auto-generated - requires manual data entry
SU433,Unit SU433,SSU,I,10,1,1,4,2,SU433.jpg,Auto-generated - requires manual data entry
SU434,Unit SU434,SSU,I,10,1,1,4,2,SU434.jpg,Auto-generated - requires manual data entry
SU435,Unit SU435,SSU,I,10,1,1,4,2,SU435.jpg,Auto-generated - requires manual data entry
SU436,Unit SU436,SSU,I,10,1,1,4,2,SU436.jpg,Auto-generated - requires manual data entry
SU500,Unit SU500,SSU,I,10,1,1,4,2,SU500.jpg,Auto-generated - requires manual data entry
SU501,Unit SU501,SSU,I,10,1,1,4,2,SU501.jpg,Auto-generated - requires manual data entry
SU502,Unit SU502,SSU,I,10,1,1,4,2,SU502.jpg,Auto-generated - requires manual data entry
SU503,Unit SU503,SSU,I,10,1,1,4,2,SU503.jpg,Auto-generated - requires manual data entry
SU504,Unit SU504,SSU,I,10,1,1,4,2,SU504.jpg,Auto-generated - requires manual data entry
SU520,Unit SU520,SSU,I,10,1,1,4,2,SU520.jpg,Auto-generated - requires manual data entry
SU521,Unit SU521,SSU,I,10,1,1,4,2,SU521.jpg,Auto-generated - requires manual data entry
SU530,Unit SU530,SSU,I,10,1,1,4,2,SU530.jpg,Auto-generated - requires manual data entry
SU531,Unit SU531,SSU,I,10,1,1,4,2,SU531.jpg,Auto-generated - requires manual data entry
SU533,Unit SU533,SSU,I,10,1,1,4,2,SU533.jpg,Auto-generated - requires manual data entry
SU537,Unit SU537,SSU,I,10,1,1,4,2,SU537.jpg,Auto-generated - requires manual data entry
SU700,Unit SU700,SSU,I,10,1,1,4,2,SU700.jpg,Auto-generated - requires manual data entry
SU701,Unit SU701,SSU,I,10,1,1,4,2,SU701.jpg,Auto-generated - requires manual data entry
SU702,Unit SU702,SSU,I,10,1,1,4,2,SU702.jpg,Auto-generated - requires manual data entry
SU703,Unit SU703,SSU,I,10,1,1,4,2,SU703.jpg,Auto-generated - requires manual data entry
SU704,Unit SU704,SSU,I,10,1,1,4,2,SU704.jpg,Auto-generated - requires manual data entry
SU705,Unit SU705,SSU,I,10,1,1,4,2,SU705.jpg,Auto-generated - requires manual data entry
SU706,Unit SU706,SSU,I,10,1,1,4,2,SU706.jpg,Auto-generated - requires manual data entry
SU707,Unit SU707,SSU,I,10,1,1,4,2,SU707.jpg,Auto-generated - requires manual data entry
SU708,Unit SU708,SSU,I,10,1,1,4,2,SU708.jpg,Auto-generated - requires manual data entry
SU709,Unit SU709,SSU,I,10,1,1,4,2,SU709.jpg,Auto-generated - requires manual data entry
SU710,Unit SU710,SSU,I,10,1,1,4,2,SU710.jpg,Auto-generated - requires manual data entry
SU711,Unit SU711,SSU,I,10,1,1,4,2,SU711.jpg,Auto-generated - requires manual data entry
SU712,Unit SU712,SSU,I,10,1,1,4,2,SU712.jpg,Auto-generated - requires manual data entry
SU713,Unit SU713,SSU,I,10,1,1,4,2,SU713.jpg,Auto-generated - requires manual data entry
SU714,Unit SU714,SSU,I,10,1,1,4,2,SU714.jpg,Auto-generated - requires manual data entry
SU715,Unit SU715,SSU,I,10,1,1,4,2,SU715.jpg,Auto-generated - requires manual data entry
SU716,Unit SU716,SSU,I,10,1,1,4,2,SU716.jpg,Auto-generated - requires manual data entry
SU717,Unit SU717,SSU,I,10,1,1,4,2,SU717.jpg,Auto-generated - requires manual data entry
SU718,Unit SU718,SSU,I,10,1,1,4,2,SU718.jpg,Auto-generated - requires manual data entry
SU719,Unit SU719,SSU,I,10,1,1,4,2,SU719.jpg,Auto-generated - requires manual data entry
SU720,Unit SU720,SSU,I,10,1,1,4,2,SU720.jpg,Auto-generated - requires manual data entry
SU722,Unit SU722,SSU,I,10,1,1,4,2,SU722.jpg,Auto-generated - requires manual data entry
SU723,Unit SU723,SSU,I,10,1,1,4,2,SU723.jpg,Auto-generated - requires manual data entry
SU724,Unit SU724,SSU,I,10,1,1,4,2,SU724.jpg,Auto-generated - requires manual data entry
SU725,Unit SU725,SSU,I,10,1,1,4,2,SU725.jpg,Auto-generated - requires manual data entry
SU726,Unit SU726,SSU,I,10,1,1,4,2,SU726.jpg,Auto-generated - requires manual data entry
SU727,Unit SU727,SSU,I,10,1,1,4,2,SU727.jpg,Auto-generated - requires manual data entry
SU728,Unit SU728,SSU,I,10,1,1,4,2,SU728.jpg,Auto-generated - requires manual data entry
SU729,Unit SU729,SSU,I,10,1,1,4,2,SU729.jpg,Auto-generated - requires manual data entry
SU730,Unit SU730,SSU,I,10,1,1,4,2,SU730.jpg,Auto-generated - requires manual data entry
SU731,Unit SU731,SSU,I,10,1,1,4,2,SU731.jpg,Auto-generated - requires manual data entry
SU800,Unit SU800,SSU,I,10,1,1,4,2,SU800.jpg,Auto-generated - requires manual data entry
SU801,Unit SU801,SSU,I,10,1,1,4,2,SU801.jpg,Auto-generated - requires manual data entry
SU802,Unit SU802,SSU,I,10,1,1,4,2,SU802.jpg,Auto-generated - requires manual data entry
SU803,Unit SU803,SSU,I,10,1,1,4,2,SU803.jpg,Auto-generated - requires manual data entry
SU804,Unit SU804,SSU,I,10,1,1,4,2,SU804.jpg,Auto-generated - requires manual data entry
SU805,Unit SU805,SSU,I,10,1,1,4,2,SU805.jpg,Auto-generated - requires manual data entry
SU806,Unit SU806,SSU,I,10,1,1,4,2,SU806.jpg,Auto-generated - requires manual data entry
SU807,Unit SU807,SSU,I,10,1,1,4,2,SU807.jpg,Auto-generated - requires manual data entry
SU808,Unit SU808,SSU,I,10,1,1,4,2,SU808.jpg,Auto-generated - requires manual data entry
SU809,Unit SU809,SSU,I,10,1,1,4,2,SU809.jpg,Auto-generated - requires manual data entry
SU810,Unit SU810,SSU,I,10,1,1,4,2,SU810.jpg,Auto-generated - requires manual data entry
SU811,Unit SU811,SSU,I,10,1,1,4,2,SU811.jpg,Auto-generated - requires manual data entry
SU812,Unit SU812,SSU,I,10,1,1,4,2,SU812.jpg,Auto-generated - requires manual data entry
SU813,Unit SU813,SSU,I,10,1,1,4,2,SU813.jpg,Auto-generated - requires manual data entry
SU814,Unit SU814,SSU,I,10,1,1,4,2,SU814.jpg,Auto-generated - requires manual data entry
SU815,Unit SU815,SSU,I,10,1,1,4,2,SU815.jpg,Auto-generated - requires manual data entry
SU816,Unit SU816,SSU,I,10,1,1,4,2,SU816.jpg,Auto-generated - requires manual data entry
SU817,Unit SU817,SSU,I,10,1,1,4,2,SU817.jpg,Auto-generated - requires manual data entry
SU818,Unit SU818,SSU,I,10,1,1,4,2,SU818.jpg,Auto-generated - requires manual data entry
SU821,Unit SU821,SSU,I,10,1,1,4,2,SU821.jpg,Auto-generated - requires manual data entry
SU901,Unit SU901,SSU,I,10,1,1,4,2,SU901.jpg,Auto-generated - requires manual data entry
